start_s,end_s,label_block,label_prolong,label_soundrep,label_wordrep,label_interjection,label_no_stutter
0.0,2.0,0.20945928990840912,0.16640932857990265,0.12707816064357758,0.13430525362491608,0.25015130639076233,0.5469127297401428
0.5,2.5,0.20807741582393646,0.16528314352035522,0.12674272060394287,0.13274355232715607,0.2495548278093338,0.5447991490364075
1.0,3.0,0.21981830894947052,0.1845974624156952,0.14938583970069885,0.1444540172815323,0.26327916979789734,0.5111332535743713
