label,precision,recall,f1,support
block,0.4261983863312767,1.0,0.5976705490848586,1796
prolong,0.30422401518747033,1.0,0.46652110625909754,1282
soundrep,0.19981015662078785,1.0,0.33306962025316456,842
wordrep,0.1644518272425249,1.0,0.28245363766048504,693
interjection,0.34361651637399143,1.0,0.5114800423878488,1448
no_stutter,0.7610346464167063,1.0,0.8643040021560436,3207
